Article Number BU,Article Number Vendor,Currency,Description,Discount,Discount Percentage,Is Valid,Job Type,Line Notes,Net Price,New column,Order Date,Order Item Id,Order Number,Period,Position,Project,Quantity,Tax Amount,Tax Code,Tax Rate,Total Price,Unit Price,Unit of Measurement
,1 01 294,USD,"Layover FR 4PK, 727x886
15 degree front retainer rail slot
Simplified
Non-Anodized
Width: 28.6 (727mm)
Depth: 34.9"" (886mm)
Color: Black",,,False,,,253.71,,,,,,1,,1,,,,,253.71,
,112664,USD,"Layover FR 1PK, 727x886
15 degree front retainer rail slot
Simplified
Non-Anodized
Width: 28.6 (727mm)
Depth: 34.9"" (886mm)
Color: Black",,,False,,,201.81,,,,,,2,,3,,,,,67.27,
,112020,USD,"Reinforced Lock-In 2 Wire divider,
70x886 50PK
Layover
Angled corners
2-Wire 5mm
Divider height: 2.75"" (70mm)
FR depth: 34.9"" (886mm)
Color: Black",,,False,,,98.12,,,,,,3,,1,,,,,98.12,
,112018,USD,"Reinforced Lock-In 2 Wire divider,
70x886 10PK
Layover
Angled corners
2-Wire 5mm
Divider height: 2.75"" (70mm)
FR depth: 34.9"" (886mm)
Color: Black",,,False,,,41.66,,,,,,4,,2,,,,,20.83,
,112675,USD,"FlexRoller Clear Retainer 10PK 90x711
Retainer height: Medium 3.5"" (90mm)
Retainer width: 28"" (711mm)",,,False,,,41.61,,,,,,5,,1,,,,,41.61,
,1 01 255,USD,"FlexRoller Clear Retainer 10PK, 35x711
Retainer height: Mini 1.375"" (35mm)
Retainer width: 28"" (711mm)",,,False,,,21.75,,,,,,6,,1,,,,,21.75,
,112667,USD,"FR Back Wire Retainer 70x723 20PK
Height: 2.75"" (70mm)
Shelf Width: 28.5"" (723mm)
Color: Red",,,False,,,15.69,,,,,,7,,1,,,,,15.69,
,112680,USD,"Infostrip 10PK
Label height: 1.25"" (32mm)
Single Wire Mount
Length: 25.5"" (648mm)
Color: Black
Window displayed at 20 degree to
back",,,False,,,18.14,,,,,,8,,2,,,,,9.07,
,114417,USD,"Infostrip 10PK
Label height: 1.25"" (32mm)
Double Wire Mount
Length: 27"" (685.8mm)
Color: BlackOI",,,False,,,12.17,,,,,,9,,1,,,,,12.17,
,112672,USD,"Reinforced Lock-In Wire divider 20-
Pack, 140x886
Layover
Angled Corners
3-Wire
Divider height: 5.5"" (140mm)
FR Depth: 34.88"" (886mm)
Color: Black",,,False,,,176.22,,,,,,10,,3,,,,,58.74,
,112673,USD,"Reinforced Lock-In Wire divider 10-
Pack, 140x886
Layover
Angled Corners
3-Wire
Divider height: 5.5"" (140mm)
FR Depth: 34.88"" (886mm)
Color: Black",,,False,,,30.2,,,,,,11,,1,,,,,30.2,
,,USD,Shipping,,,False,,,617.09,,,,,,,,,,,,,,