Article Number BU,Article Number Vendor,Currency,Description,Discount,Discount Percentage,Is Valid,Job Type,Line Notes,Net Price,Order Date,Order Item Id,Order Number,Period,Position,Project,Quantity,Tax Amount,Tax Code,Tax Rate,Total Price,Unit Price,Unit of Measurement
,,USD,LINE 1 ENVIRONMENTAL ASSESSMENT FORM,,,False,,,2625,,,,,,,,,,,,,
,,USD,"LINE 2 AIR QUALITY & GREENHOUSE GAS
EMISSIONS ASSESSME",,,False,,,5120,,,,,,,,,,,,,
,,USD,LINE 3 BIOLOGICAL RESOURCES ASSESSMENT,,,False,,,0,,,,,,,,,,,,,
,,USD,LINE 4 CUTLURAL RESOURCES ASSESSMENT,,,False,,,3760,,,,,,,,,,,,,
,,USD,LINE 5 HEALTH RISK ASSESSMENT,,,False,,,3400,,,,,,,,,,,,,
,,USD,LINE 6 NOISE & VIBRATION,,,False,,,5400,,,,,,,,,,,,,
,,USD,"LINE 7 WESTERN JOSHUA TREE PROJECT SITE
CENSUS",,,False,,,6300,,,,,,,,,,,,,
,,USD,"LINE 8 WESTERN JOSHUA TREE CONSERVATION
ACT INCIDENTAL",,,False,,,0,,,,,,,,,,,,,
,,USD,"LINE 9 ENVRIONMENTAL PROJECT MGMT,
MEETINGS, HEARINGS",,,False,,,1700,,,,,,,,,,,,,
,,USD,LINE 10 LEVEL REIMBURSABLE EXPENSES,,,False,,,500,,,,,,,,,,,,,